ASN,Flag,Added,IPs ,ISP,Organization,Country,Region,City,RISK SCORE,ASSESSMENT,Anonymous VPN,TOR,PROXY,CALBRIGHT DISPOSITION,DISPOSITION DATE,REVIEWER,,,,,,,,,,,,,,,,
174,True,2020-07-01 00:00:00.000,198.181.163.109,Cogent Communications,US Computing LLC,,,,,"IP address 198.181.163.109 is a very high fraud risk. This IP address is owned by Cogent Communications who are themselves a medium risk ISP. Scamalytics see high levels of traffic from this IP address across our global network, almost all of which is fraudulent. We apply a risk score of 97/100 to 198.181.163.109, meaning that of the traffic where we have visibility, 97% is suspected to be fraudulent. If you see traffic from this IP address there is a very high risk that it is criminals engaged in fraudulent activity. 198.181.163.109 is not a standard domestic connection, it is a commercial server which is likely to be proxying traffic from another geographical location. The geographical location of 198.181.163.109 is in the United States, however the geographical location of the user could be anywhere in the world.",,,,,,,,,,,,,,,,,,,,,,
577,True,2020-07-01 00:00:00.000,142.116.147.248,BACOM,Virgin Home Ontario,,,,,,,,,,,,,,,,,,,,,,,,,,,
2856,True,2020-07-01 00:00:00.000,109.154.52.152,British Telecommunications PLC,British Telecommunications PLC,United Kingdom (GB),Cornwall,Falmouth,,,,,,,,,,,,,,,,,,,,,,,,
3462,True,2020-07-01 00:00:00.000,211.21.153.88,Data Communication Business Group,,,,,,"Chunghwa Telecom Co., Ltd. is a ",,,,,,,,,,,,,,,,,,,,,,
5650,False,2020-07-01 00:00:00.000,,FRONTIER-FRTR,,United States,California,Long Beach,,,,,,,,,,,,,,,,,,,,,,,,
6128,True,2020-07-01 00:00:00.000,24.184.3.170,Cablevision Systems Corp.,Optimum Online (Cablevision Systems),,,,,,,,,,,,,,,,,,,,,,,,,,,
7018,False,2020-07-01 00:00:00.000,,ATT-INTERNET4,,United States,California,Pleasanton,,,,,,,,,,,,,,,,,,,,,,,,
7922,False,2020-07-01 00:00:00.000,,COMCAST-7922,,United States,California,Merced,,,,,,,,,,,,,,,,,,,,,,,,
8100,True,2020-07-01 00:00:00.000,107.150.23.253,QuadraNet Enterprises LLC,"QuadraNet, Inc",,,,,"P address 107.150.23.253 is a very high fraud risk. This IP address is owned by QuadraNet Enterprises LLC who are themselves a medium risk ISP. Scamalytics see high levels of traffic from this IP address across our global network, almost all of which is fraudulent. We apply a risk score of 98/100 to 107.150.23.253, meaning that of the traffic where we have visibility, 98% is suspected to be fraudulent. If you see web traffic from this IP address there is potentially a very high risk that it is criminals engaged in fraudulent activity. Other types of traffic may pose a different risk or no risk. 107.150.23.253 is not a standard domestic connection, it is a commercial server which is likely to be proxying traffic from another geographical location. The geographical location of 107.150.23.253 is in the United States, however the geographical location of the user could be anywhere in the world.",,,,,,,,,,,,,,,,,,,,,,
8452,True,2020-07-01 00:00:00.000,156.215.128.218,TE Data,TE Data,,,,,TE Data is a ,,,,,,,,,,,,,,,,,,,,,,
9009,True,2020-07-01 00:00:00.000,38.132.120.87,Cogent Communications,M247 Ltd,,,,,M247 Ltd is a ,,,,,,,,,,,,,,,,,,,,,,
9269,True,2020-07-01 00:00:00.000,138.19.78.184,Hong Kong Broadband Network Ltd,Hong Kong Broadband Network Ltd,Hong Kong,Tsuen Wan,Kwai Chung,,,,,,,,,,,,,,,,,,,,,,,,
10507,False,2020-07-01 00:00:00.000,,SPCS,Sprint Personal Communications Systems,United States,Washington,Tacoma,,,,,,,,,,,,,,,,,,,,,,,,
11191,False,2020-07-01 00:00:00.000,,F2W-AS,,United States,California,Shingle Springs,,,,,,,,,,,,,,,,,,,,,,,,
11404,False,2020-07-01 00:00:00.000,,AS-WAVE-1,,United States,California,West Sacramento,,,,,,,,,,,,,,,,,,,,,,,,
12989,True,2020-07-01 00:00:00.000,173.245.203.57,BandCon,SecuredConnectivity.net,,,,,"IP address 173.245.203.57 is a very high fraud risk. This IP address is owned by BandCon who are themselves a high risk ISP. Scamalytics see high levels of traffic from this IP address across our global network, almost all of which is fraudulent. We apply a risk score of 99/100 to 173.245.203.57, meaning that of the traffic where we have visibility, 99% is suspected to be fraudulent. If you see traffic from this IP address there is a very high risk that it is criminals engaged in fraudulent activity. 173.245.203.57 is operating an anonymising VPN, which is likely to be proxying traffic from another geographical location. The geographical location of 173.245.203.57 is in the United States, however the geographical location of the user could be anywhere in the world.",,,,,,,,,,,,,,,,,,,,,,
14051,False,2020-07-01 00:00:00.000,,SUREWEST,,United States,California,Elk Grove,,,,,,,,,,,,,,,,,,,,,,,,
14061,True,2020-07-01 00:00:00.000,198.199.72.249,Digital Ocean,Digital Ocean,,,,,"IP address 198.199.72.249 is a high fraud risk. This IP address is owned by DigitalOcean, LLC who are themselves a medium risk ISP. Scamalytics see medium levels of traffic from this IP address across our global network, most of which is fraudulent. We apply a risk score of 72/100 to 198.199.72.249, meaning that of the traffic where we have visibility, 72% is suspected to be fraudulent. If you see web traffic from this IP address there is potentially a high risk that it is criminals engaged in fraudulent activity. Other types of traffic may pose a different risk or no risk. 198.199.72.249 is operating an anonymising VPN, which is likely to be proxying traffic from another geographical location. The geographical location of 198.199.72.249 is in the United States, however the geographical location of the user could be anywhere in the world.",True,False,NO,,,,,,,,,,,,,,,,,,,
15975,True,2020-07-01 00:00:00.000,82.205.28.84,Hadara,Hadara,Palestine,Gaza,Gaza,,,,,,,,,,,,,,,,,,,,,,,,
16397,True,2020-07-01 00:00:00.000,5.62.51.112,EQUINIX BRASIL,EQUINIX BRASIL,,,,,,,,,,,,,,,,,,,,,,,,,,,
17072,True,2020-07-01 00:00:00.000,187.189.34.125,Total Play Telecomunicaciones SA De CV,Total Play Telecomunicaciones SA De CV,Mexico,Baja,Tijuana,,,,,,,,,,,,,,,,,,,,,,,,
18403,True,2020-07-01 00:00:00.000,42.119.157.241,Vietnam Internet Network Information Center,FPT Telecom Company,Vietnam,Ho Chi Minh,Ho Chi Minh City,,,,,,,,,,,,,,,,,,,,,,,,
19165,True,2020-07-01 00:00:00.000,136.26.59.105,Webpass Inc,Webpass Inc,,,,,"IP address 136.26.59.105 is a high fraud risk. This IP address is owned by Webpass Inc. who are themselves a high risk ISP. Scamalytics see low levels of traffic from this IP address across our global network, most of which is fraudulent. We apply a risk score of 81/100 to 136.26.59.105, meaning that of the web traffic where we have visibility, 81% is suspected to be fraudulent. If you see web traffic from this IP address there is potentially a high risk that it is criminals engaged in fraudulent activity. Other types of traffic may pose a different risk or no risk.",False,NO,False,,,,,,,,,,,,,,,,,,,
20001,False,2020-07-01 00:00:00.000,,TWC-20001-PACWEST,,United States,California,Yucca Valley,,,,,,,,,,,,,,,,,,,,,,,,
20057,False,2020-07-01 00:00:00.000,,ATT-MOBILITY-LLC-AS20057,,United States,California,Gardena,,,,,,,,,,,,,,,,,,,,,,,,
20115,False,2020-07-01 00:00:00.000,,CHARTER-20115,,United States,California,Norwalk,,,,,,,,,,,,,,,,,,,,,,,,
21928,False,2020-07-01 00:00:00.000,,T-MOBILE-AS21928,,United States,California,Orange,,,,,,,,,,,,,,,,,,,,,,,,
22394,False,2020-07-01 00:00:00.000,,CELLCO,,United States,California,Fontana,,,,,,,,,,,,,,,,,,,,,,,,
22773,False,2020-07-01 00:00:00.000,,ASN-CXA-ALL-CCI-22773-RDC,,United States,California,Dana Point,,,,,,,,,,,,,,,,,,,,,,,,
24432,True,2020-07-01 00:00:00.000,103.25.249.251,Axiata (Bangladesh) Limited,Axiata (Bangladesh) Limited,,,,,,,,,,,,,,,,,,,,,,,,,,,
35432,True,2020-07-01 00:00:00.000,69.94.126.153,Cablenet Communication Systems Ltd,Cablenet Communication Systems Ltd,Cyprus,Nicosia,Makedonitissa,,,,,,,,,,,,,,,,,,,,,,,,
35913,True,2020-07-01 00:00:00.000,,Web2Objects,DEDIPATH-LLC,,,,,"IP address 45.41.134.190 is a medium fraud risk. This IP address is owned by Web2Objects LLC who are themselves a medium risk ISP. Scamalytics see medium levels of traffic from this IP address across our global network, some of which is fraudulent. We apply a risk score of 69/100 to 45.41.134.190, meaning that of the traffic where we have visibility, 69% is suspected to be fraudulent. 45.41.134.190 is operating an anonymising VPN, which is likely to be proxying traffic from another geographical location. The geographical location of 45.41.134.190 is in the United States, however the geographical location of the user could be anywhere in the world.Web2Objects LLC is a ",,,,,,,,,,,,,,,,,,,,,,
36873,True,2020-07-01 00:00:00.000,105.112.102.7,Airtel Networks Limited,Airtel Networks Limited,Nigeria,Enugu,Nsukka,,"IP address 105.112.102.7 is a very high fraud risk. This IP address is owned by Airtel Networks Limited who are themselves a medium risk ISP. Scamalytics see medium levels of traffic from this IP address across our global network, almost all of which is fraudulent. We apply a risk score of 91/100 to 105.112.102.7, meaning that of the traffic where we have visibility, 91% is suspected to be fraudulent. If you see web traffic from this IP address there is potentially a very high risk that it is criminals engaged in fraudulent activity. Other types of traffic may pose a different risk or no risk.",,,,,,,,,,,,,,,,,,,,,,
36903,True,2020-07-01 00:00:00.000,41.142.63.137,ADSL Maroc telecom,ADSL Maroc telecom,Morocco,Rabat-Salé-Kénitra,Rabat,,,,,,,,,,,,,,,,,,,,,,,,
36947,True,2020-07-01 00:00:00.000,105.98.199.173,Algerie Telecom,Algerie Telecom,Algeria,Algiers,Bordj el Kiffan,,,,,,,,,,,,,,,,,,,,,,,,
40861,True,2020-07-01 00:00:00.000,209.160.122.159,Paradise Networks LLC,Paradise Networks LLC,,,,,"IP address 209.160.122.159 is a medium fraud risk. This IP address is owned by Paradise Networks LLC who are themselves a medium risk ISP. Scamalytics see low levels of traffic from this IP address across our global network, some of which is fraudulent. We apply a risk score of 56/100 to 209.160.122.159, meaning that of the web traffic where we have visibility, 56% is suspected to be fraudulent. 209.160.122.159 is not a standard domestic connection, it is a commercial server which is likely to be proxying traffic from another geographical location. The geographical location of 209.160.122.159 is in the United States, however the geographical location of the user could be anywhere in the world.",,,,,,,,,,,,,,,,,,,,,,
45609,True,2020-07-01 00:00:00.000,106.207.216.243,Bharti Airtel Limited ,BCL WEST,,,,1,Bharti Airtel Limited is a ,False,NO,False,"(1) Blocked Due to Geographic Location (2) IP, While Not Flagged as Malicious at this time, sits in a range of multiple 99% scores.",2020-06-11 00:00:00.000,Jarret McClain,,,,,,,,,,,,,,,,
46375,False,2020-07-01 00:00:00.000,,AS-SONICTELECOM,,United States,California,Petaluma,,,,,,,,,,,,,,,,,,,,,,,,
46562,True,2020-07-01 00:00:00.000,67.201.33.47,"Total Server Solutions L.L.C for PacketExchange",Practice Technologies,,,,,"IP address 67.201.33.47 is a high fraud risk. This IP address is owned by PacketExchange who are themselves a medium risk ISP. Scamalytics see low levels of traffic from this IP address across our global network, most of which is fraudulent. We apply a risk score of 82/100 to 67.201.33.47, meaning that of the web traffic where we have visibility, 82% is suspected to be fraudulent. If you see web traffic from this IP address there is potentially a high risk that it is criminals engaged in fraudulent activity. Other types of traffic may pose a different risk or no risk. 67.201.33.47 is operating an anonymising VPN, which is likely to be proxying traffic from another geographical location. The geographical location of 67.201.33.47 is in the United States, however the geographical location of the user could be anywhere in the world.",,,,,,,,,,,,,,,,,,,,,,
48129,True,2020-07-01 00:00:00.000,91.210.44.103,IRBIS Telecommunications Ltd.,IRBIS Telecommunications Ltd.,,,,,"IP address 91.210.44.103 is a very high fraud risk. This IP address is owned by IRBIS Telecommunications Ltd. who are themselves a very high risk ISP. Scamalytics see low levels of traffic from this IP address across our global network, almost all of which is fraudulent. We apply a risk score of 90/100 to 91.210.44.103, meaning that of the traffic where we have visibility, 90% is suspected to be fraudulent. If you see traffic from this IP address there is a very high risk that it is criminals engaged in fraudulent activity.",,,,,,,,,,,,,,,,,,,,,,
54561,True,2020-07-01 00:00:00.000,198.57.47.39,Secure Dragon LLC,Secure Dragon LLC,,,,,,,,,,,,,,,,,,,,,,,,,,,
60068,True,2020-07-01 00:00:00.000,185.152.67.14,DataCamp Limited,Cdn77 LAX II.,,,,,,,,,,,,,,,,,,,,,,,,,,,
63473,True,2020-07-01 00:00:00.000,107.181.178.102,Total Server Solutions L.L.C,Total Server Solutions L.L.C,,,,,"IP address 107.181.178.102 is a medium fraud risk. This IP address is owned by Total Server Solutions L.L.C. who are themselves a medium risk ISP. Scamalytics see low levels of traffic from this IP address across our global network, some of which is fraudulent. We apply a risk score of 69/100 to 107.181.178.102, meaning that of the traffic where we have visibility, 69% is suspected to be fraudulent. 107.181.178.102 is operating an anonymising VPN, which is likely to be proxying traffic from another geographical location. The geographical location of 107.181.178.102 is in the United States, however the geographical location of the user could be anywhere in the world.",,,,,,,,,,,,,,,,,,,,,,
63526,True,2020-07-01 00:00:00.000,103.147.162.206,Carnival Internet,Systems Solutions & development Technologies Limited,Bangladesh,Dhaka,Dhaka,,,,,,,,,,,,,,,,,,,,,,,,
55836,True,2020-08-07 00:00:00.000,47.31.23.117,Reliance Jio Infocomm Limited,Reliance Jio Infocomm Limited,India,National Capital Territory of Delhi (DL),New Delhi,,,,,,,,,,,,,,,,,,,,,,,,
4224,True,2020-08-10 00:00:00.000,162.247.74.74,The Calyx Institute,The Calyx Institute,,,,,"IP address 162.247.74.74 is a very high fraud risk. This IP address is owned by The Calyx Institute who are themselves a low risk ISP. Scamalytics see high levels of traffic from this IP address across our global network, almost all of which is fraudulent. We apply a risk score of 94/100 to 162.247.74.74, meaning that of the web traffic where we have visibility, 94% is suspected to be fraudulent. If you see web traffic from this IP address there is potentially a very high risk that it is criminals engaged in fraudulent activity. Other types of traffic may pose a different risk or no risk. 162.247.74.74 is operating a TOR exit node, which is likely to be proxying traffic from another geographical location. The geographical location of 162.247.74.74 is in the United States, however the geographical location of the user could be anywhere in the world.",,,,,,,,,,,,,,,,,,,,,,
62904,True,2020-08-10 00:00:00.000,104.140.52.107,Eonix Corporation,Eonix Corporation,,,,,"IP address 104.140.52.107 is a very high fraud risk. This IP address is owned by Eonix Corporation who are themselves a medium risk ISP. Scamalytics see high levels of traffic from this IP address across our global network, almost all of which is fraudulent. We apply a risk score of 94/100 to 104.140.52.107, meaning that of the web traffic where we have visibility, 94% is suspected to be fraudulent. If you see web traffic from this IP address there is potentially a very high risk that it is criminals engaged in fraudulent activity. Other types of traffic may pose a different risk or no risk. 104.140.52.107 is not a standard domestic connection, it is a commercial server which is likely to be proxying traffic from another geographical location. The geographical location of 104.140.52.107 is in the United States, however the geographical location of the user could be anywhere in the world.",,,,,,,,,,,,,,,,,,,,,,
202422,True,2020-08-13 00:00:00.000,92.38.148.61,G-Core Labs S.A.,G-Core Labs S.A.,,,,,,,,,,,,,,,,,,,,,,,,,,,
8053,True,2020-08-15 00:00:00.000,190.94.230.229,IFX Networks Venezuela C.A,IFX Networks Venezuela C.A,Venezula,Sucre,Agua Fria,,,,,,,,,,,,,,,,,,,,,,,,
24086,True,2020-08-17 00:00:00.000,125.214.52.11,Viettel Corporation,Viettel Corporation,Vietnam,Can Tho,Can Tho,,,,,,,,,,,,,,,,,,,,,,,,
134146,True,2020-08-18 00:00:00.000,202.83.127.218,SAM ONLINE,SAM ONLINE,Bangladesh,Dhaka,,,,,,,,,,,,,,,,,,,,,,,,,
3549,False,2020-08-18 13:50:00.000,,LVLT-3549,,United States,California,Foothill Ranch,,,,,,,,,,,,,,,,,,,,,,,,
3352,True,2020-08-19 00:00:00.000,83.54.0.202,Telefonica De Espana,Telefonica De Espana,,,,,,,,,,,,,,,,,,,,,,,,,,,
5437,True,2020-08-19 00:00:00.000,93.175.4.69,mipt campus,mipt campus,Russia,Moscow Oblast,Dolgoprudnyy,,,,,,,,,,,,,,,,,,,,,,,,
7713,True,2020-08-19 00:00:00.000,36.90.38.157,PT Telekomunikasi Indonesia,PT Telekomunikasi Indonesia,,,,,,,,,,,,,,,,,,,,,,,,,,,
12389,True,2020-08-19 00:00:00.000,2.62.53.156,Rostelecom,Rostelecom,Russia,Kemerovo Oblast,Myski,,,,,,,,,,,,,,,,,,,,,,,,
62744,True,2020-08-19 00:00:00.000,199.249.230.68,QUINTEX,QUINTEX,United States,Texas,San Angelo,,,,,,,,,,,,,,,,,,,,,,,,
136851,True,2020-08-19 00:00:00.000,103.131.51.58,PT ARDETAMEDIA GLOBAL KOMPUTINDO,PT ARDETAMEDIA GLOBAL KOMPUTINDO,Indonesia,Yogyakarta,Yogyakarta,,,,,,,,,,,,,,,,,,,,,,,,
45102,True,2020-08-20 07:50:00.000,47.57.13.234,"Alibaba (US) Technology Co., Ltd.",,China,Shanghai,Shanghai,,,,,,,,,,,,,,,,,,,,,,,,
36884,True,2020-08-23 05:24:00.000,105.71.19.86,MAROCCONNECT,,Morocco,Casablanca,Casablanca,,,,,,,,,,,,,,,,,,,,,,,,
17451,True,2020-08-23 21:44:00.000,,BIZNET NETWORKS,,Indonesia,West Java,Bandung,,,,,,,,,,,,,,,,,,,,,,,,
14618,True,2020-08-31 00:00:00.000,3.209.77.143,Amazon Technologies Inc.,Amazon Data Services NoVa,,,,,,,,,,,,,,,,,,,,,,,,,,,
7203,False,2020-09-01 01:38:00.000,,LEASEWEB-USA-SFO-12,,United States,null,null,,,,,,,,,,,,,,,,,,,,,,,,
8048,True,2020-09-02 08:29:00.000,190.206.106.116,"CANTV Servicios, Venezuela",,Venezuela,Carabobo,Valencia,,,,,,,,,,,,,,,,,,,,,,,,
63023,True,2020-09-02 10:46:00.000,38.75.136.147,AS-GLOBALTELEHOST,,United States,California,Los Angeles,,,,,,,,,,,,,,,,,,,,,,,,
36351,True,2020-09-03 00:00:00.000,104.143.92.238,Web2Objects,,,,,,,,,,,,,,,,,,,,,,,,,,,,
134732,True,2020-09-06 06:00:00.000,,Dot Internet,,Bangladesh,Dhaka,Dhaka,,,,,,,,,,,,,,,,,,,,,,,,
16247,True,2020-09-06 19:49:00.000,,M247 Ltd,,Ireland,Leinster,Dublin,,,,,,,,,,,,,,,,,,,,,,,,
23688,True,2020-09-09 10:34:00.000,27.147.207.115,Link3 Technologies Ltd.,,Bangladesh,Sirajganj,Sirajganj,,,,,,,,,,,,,,,,,,,,,,,,
24835,True,2020-09-10 00:00:00.000,41.69.213.85,RAYA Telecom - Egypt,RAYA Telecom - Egypt,Egypt,Cairo,Cairo,,,,,,,,,,,,,,,,,,,,,,,,
47331,True,2020-09-10 00:00:00.000,88.243.227.26,Turk Telekom,Turk Telekom,Turkey,Istanbul (34),Istanbul,,,,,,,,,,,,,,,,,,,,,,,,
61046,True,2020-09-10 06:54:00.000,,HZ Hosting Ltd,,United Kingdom,England,London,,,,,,,,,,,,,,,,,,,,,,,,
16509,False,2020-09-15 06:25:00.000,3.19.68.205,AMAZON-02,,United States,Ohio,Columbus,,,,,,,,,,,,,,,,,,,,,,,,
61317,True,2020-08-31 08:58:00.000,64.64.231.58,Digital Energy Technologies Ltd.,,United States,Illinois,Chicago,,"IP address 64.64.231.58 is a high fraud risk. This IP address is owned by IT7 Networks Inc who are themselves a high risk ISP. Scamalytics see low levels of traffic from this IP address across our global network, little of which is fraudulent. We apply a risk score of 25/100 to 64.64.231.58, meaning that of the web traffic where we have visibility, 25% is suspected to be fraudulent. If you see web traffic from this IP address there is potentially a high risk that it is criminals engaged in fraudulent activity. Other types of traffic may pose a different risk or no risk. 64.64.231.58 is operating an anonymising VPN, which is likely to be proxying traffic from another geographical location. The geographical location of 64.64.231.58 is in the United States, however the geographical location of the user could be anywhere in the world.",,,,,,,,,,,,,,,,,,,,,,
53340,True,2020-09-16 00:00:00.000,162.251.236.4,"VegasNAP, LLC","VegasNAP, LLC",,,,,,,,,,,,,,,,,,,,,,,,,,,
202015,True,2020-09-16 05:34:00.000,,HZ Hosting Ltd,,United States,Virginia,Ashburn,,,,,,,,,,,,,,,,,,,,,,,,
36352,True,2020-09-19 16:21:00.000,198.46.135.204,AS-COLOCROSSING,,Panama,Panama,Panama City,,,,,,,,,,,,,,,,,,,,,,,,
133481,True,2020-09-20 02:54:00.000,2405:9800:b540:d6dd:1112:26b0:75b9:f879,AIS Fibre,,Thailand,Chon Buri,Bang Lamung,,,,,,,,,,,,,,,,,,,,,,,,
59279,True,2020-09-22 00:00:00.000,103.227.252.146,PT Raja Mitra Informatika,PT Raja Mitra Informatika,Indonesia,Jakarta,Jarkata,,,,,,,,,,,,,,,,,,,,,,,,
1226,False,2020-09-23 10:10:00.000,,CTA-42-AS1226,,United States,California,Elk Grove,,,,,,,,,,,,,,,,,,,,,,,,
54455,True,2020-09-24 05:09:00.000,67.219.146.70,MADEIT,,United States,null,null,,,,,,,,,,,,,,,,,,,,,,,,
20093,True,2020-09-24 08:49:00.000,162.253.68.154,ZEROLAG,Total Server Solutions L.L.C,United States,California,Fountain Valley,,,,,,,,,,,,,,,,,,,,,,,,
11042,True,2020-09-29 00:00:00.000,173.213.87.42,Eonix Corporation,,,,,,,,,,,,,,,,,,,,,,,,,,,,
203020,True,2020-10-01 17:25:00.000,185.124.240.146,HostRoyale Technologies Pvt Ltd,HostRoyale Technologies Pvt Ltd,United States,,,,,,,,,,,,,,,,,,,,,,,,,,
16276,True,2020-10-02 13:46:00.000,51.91.18.131,OVH SAS,,France,null,null,,,,,,,,,,,,,,,,,,,,,,,,
132298,True,2020-10-07 23:14:00.000,160.202.146.194,Antaranga Dot Com Ltd,,Bangladesh,Dhaka,Dhaka,,,,,,,,,,,,,,,,,,,,,,,,
32780,True,2020-10-08 10:38:00.000,204.14.73.36,HOSTINGSERVICES-INC,,United States,null,null,,,,,,,,,,,,,,,,,,,,,,,,
29485,True,2020-10-09 12:39:00.000,85.10.56.104,A1 Hrvatska d.o.o.,,Croatia,City of Zagreb,Zagreb,,,,,,,,,,,,,,,,,,,,,,,,
199524,True,2020-10-10 11:59:00.000,,G-Core Labs S.A.,,Luxembourg,Luxembourg,Luxembourg,,,,,,,,,,,,,,,,,,,,,,,,
395954,True,2020-10-12 21:59:00.000,,LEASEWEB-USA-LAX-11,,United States,California,Los Angeles,,,,,,,,,,,,,,,,,,,,,,,,
45245,True,2020-10-20 08:32:00.000,103.67.157.165,"banglalink an Orascom Telecom Company, providing GSM Telecom service in Bangladesh",,Bangladesh,Dhaka,Dhaka,,,,,,,,,,,,,,,,,,,,,,,,
20278,True,2020-10-20 15:48:00.000,172.93.177.44,NEXEON,,United States,Illinois,Chicago,,,,,,,,,,,,,,,,,,,,,,,,
12975,True,2020-10-21 12:59:00.000,176.65.10.191,Palestine Telecommunications Company (PALTEL),,Palestine,Gaza,Gaza,,,,,,,,,,,,,,,,,,,,,,,,
134226,True,2020-10-24 11:19:00.000,103.59.176.157,NATION COMMUNICATION,,Bangladesh,Dhaka,Dhaka,,,,,,,,,,,,,,,,,,,,,,,,
8551,True,2020-10-24 15:54:00.000,,Bezeq International,,Israel,Northern District,Safed,,,,,,,,,,,,,,,,,,,,,,,,
9329,True,2020-10-26 00:00:00.000,112.135.0.122,Sri Lanka Telecom Internet,,,,,,,,,,,,,,,,,,,,,,,,,,,,
134968,True,2020-10-26 06:20:00.000,103.23.207.147,Mizanur Rahman t/a Maya Cyber World,,Bangladesh,Rangpur,Rangpur City,,,,,,,,,,,,,,,,,,,,,,,,
6079,False,2020-10-28 16:28:00.000,,RCN-AS,,United States,Illinois,Chicago,,,,,,,,,,,,,,,,,,,,,,,,
10139,True,2020-11-01 23:21:00.000,175.176.15.174,"Smart Broadband, Inc.",,Philippines,Province of Pampanga,Bacolor,,,,,,,,,,,,,,,,,,,,,,,,
57704,True,2020-11-03 22:20:00.000,,SpeedClick for Information Technology and Communication Ltd,,Palestine,null,null,,,,,,,,,,,,,,,,,,,,,,,,
30633,True,2020-11-06 07:18:00.000,207.244.71.81,LEASEWEB-USA-WDC,,United States,null,null,,,,,,,,,,,,,,,,,,,,,,,,
22616,False,2020-11-09 10:10:00.000,,ZSCALER-SJC1,,United States,California,Santa Clara,,,,,,,,,,,,,,,,,,,,,,,,
45899,True,2020-11-10 07:05:00.000,14.236.14.230,VNPT Corp,,Vietnam,Da Nang,Da Nang,,,,,,,,,,,,,,,,,,,,,,,,
33363,False,2020-11-18 19:27:00.000,,BHN-33363,,United States,California,Bakersfield,,,,,,,,,,,,,,,,,,,,,,,,
29465,True,2020-11-22 14:03:00.000,,MTN NIGERIA Communication limited,,Nigeria,Lagos,Lagos,,,,,,,,,,,,,,,,,,,,,,,,
205544,True,2020-11-24 03:53:00.000,95.168.185.250,Leaseweb Uk Limited,,United Kingdom,England,London,,,,,,,,,,,,,,,,,,,,,,,,
136639,True,2020-11-25 11:31:00.000,103.100.215.235,Scud Communication Pvt Ltd,,India,,,,,,,,,,,,,,,,,,,,,,,,,,
8151,True,2020-11-25 12:36:00.000,201.142.151.200,Uninet S.A. de C.V.,,Mexico,,,,,,,,,,,,,,,,,,,,,,,,,,
32354,False,2020-11-26 10:37:00.000,208.87.223.30,UNWIRED,,United States,California,Berkeley,,,,,,,,,,,,,,,,,,,,,,,,
27288,False,2020-11-28 00:41:00.000,38.80.239.58,DPCHICO-1,,United States,California,Dobbins,,,,,,,,,,,,,,,,,,,,,,,,
22923,True,2020-11-30 18:09:00.000,199.66.88.28,Netminders Data Solution,,,,,,,,,,,,,,,,,,,,,,,,,,,,
63128,True,2020-12-04 14:36:00.000,,NETPROTECT-CHICAGO,,United States,California,Anaheim,,,,,,,,,,,,,,,,,,,,,,,,
23693,True,2020-12-05 09:26:00.000,114.124.203.240,PT. Telekomunikasi Selular,,Indonesia,Jakarta,Jakarta,,,,,,,,,,,,,,,,,,,,,,,,
60558,True,2020-12-06 06:40:00.000,185.56.138.218,"Phoenix Nap, LLC.",,Netherlands,North Holland,Amsterdam,,,,,,,,,,,,,,,,,,,,,,,,
29854,True,2020-12-06 06:50:00.000,209.95.56.53,WESTHOST,,United States,Utah,Salt Lake City,,,,,,,,,,,,,,,,,,,,,,,,
10075,True,2020-12-07 03:43:00.000,,Fiber@Home Global Limited,,Bangladesh,Magura,Magura District,,,,,,,,,,,,,,,,,,,,,,,,
9829,True,2020-12-09 21:56:00.000,,National Internet Backbone,,India,Haryana,Rohtak,,,,,,,,,,,,,,,,,,,,,,,,
63949,True,2020-12-15 02:30:00.000,139.162.5.60,"Linode, LLC",,Singapore,null,Singapore,,,,,,,,,,,,,,,,,,,,,,,,
26421,False,2020-12-17 20:18:00.000,,PONDEROSA-INTERNET,,United States,California,Auberry,,,,,,,,,,,,,,,,,,,,,,,,
7941,False,2020-12-21 18:05:00.000,,INTERNET-ARCHIVE,,United States,California,San Francisco,,,,,,,,,,,,,,,,,,,,,,,,
8075,True,2020-12-27 13:01:00.000,,MICROSOFT-CORP-MSN-AS-BLOCK,,United States,Texas,San Antonio,,,,,,,,,,,,,,,,,,,,,,,,
3214,True,2020-12-30 20:44:00.000,194.169.181.186,xTom GmbH,,Hong Kong,null,null,,,,,,,,,,,,,,,,,,,,,,,,
17639,True,2021-01-04 17:42:00.000,111.125.111.73,Converge ICT Solutions Inc.,,Philippines,Province of Pampanga,Angeles City,,,,,,,,,,,,,,,,,,,,,,,,
24560,True,2021-01-05 02:20:00.000,106.201.96.99,"Bharti Airtel Ltd., Telemedia Services",,India,Karnataka,Bengaluru,,,,,,,,,,,,,,,,,,,,,,,,
11831,True,2021-01-05 18:10:00.000,162.221.202.17,ESECUREDATA,,Canada,null,null,,,,,,,,,,,,,,,,,,,,,,,,
23309,False,2021-01-07 10:28:00.000,169.199.51.254,CCCOE-NET,,United States,California,Concord,,,,,,,,,,,,,,,,,,,,,,,,
16591,False,2021-01-09 12:13:00.000,136.52.95.155,GOOGLE-FIBER,,United States,California,Irvine,,,,,,,,,,,,,,,,,,,,,,,,
205016,False,2021-01-11 14:01:00.000,77.111.247.128,HERN Labs AB,,null,null,null,,,,,,,,,,,,,,,,,,,,,,,,
45669,False,2021-01-14 04:18:00.000,119.160.116.79,PMCL /LDI IP TRANSIT,,Pakistan,Sindh,Karachi,,,,,,,,,,,,,,,,,,,,,,,,
38266,False,2021-01-16 07:52:00.000,42.106.41.183,Vodafone India Ltd.,,India,Gujarat,Ahmedabad,,,,,,,,,,,,,,,,,,,,,,,,
24203,False,2021-01-16 15:38:00.000,112.215.230.31,PT XL Axiata,,Indonesia,North Sumatra,Medan,,,,,,,,,,,,,,,,,,,,,,,,
15169,False,2021-01-17 21:27:00.000,35.245.143.4,GOOGLE,,United States,District of Columbia,Washington,,,,,,,,,,,,,,,,,,,,,,,,
36992,True,2021-01-29 10:23:00.000,41.176.41.51,Etisalat Misr,,Egypt,,,,,,,,,,,,,,,,,,,,,,,,,,
199046,True,2021-01-29 10:23:00.000,,,,,,,,,,,,,,,,,,,,,,,,,,,,,,
41378,True,2021-02-11 15:27:00.000,103.138.53.176,Kirino LLC,,Hong Kong,,,,,,,,,,,,,,,,,,,,,,,,,,
19148,True,2021-02-23 12:21:00.000,23.83.131.121,LEASEWEB-USA-PHX-11,,,,,,,,,,,,,,,,,,,,,,,,,,,,
5607,True,2021-03-02 00:00:00.000,151.225.40.26,,,,,,,,,,,,,,,,,,,,,,,,,,,,,
6830,True,2021-03-02 07:00:00.000,37.201.192.151,,,,,,,,,,,,,,,,,,,,,,,,,,,,,
135311,True,2021-03-21 17:26:00.000,103.213.242.6,Golam Mohammad T/A 29Communication,,Bangladesh,Dhaka,Dhaka,,,,,,,,,,,,,,,,,,,,,,,,
64236,True,2021-03-31 10:30:00.000,205.185.223.10,StackPath LLC,,,,,,,,,,,,,,,,,,,,,,,,,,,,
394380,True,2021-04-01 16:45:00.000,209.58.147.242,LEASEWEB-USA-DAL-10,,,,,,,,,,,,,,,,,,,,,,,,,,,,
17917,True,2021-04-01 17:30:00.000,49.156.64.1,Quadrant Televentures Limited,,India,,,,,,,,,,,,,,,,,,,,,,,,,,
46867,False,2021-04-05 12:41:00.000,108.160.71.52,AUDEAM,,United States,California,Kerman,,,,,,,,,,,,,,,,,,,,,,,,
4788,True,2021-04-16 00:00:00.000,175.141.202.101,"TM Net, Internet Service Provider",,Malaysia,Asia,Kuala Lumpur,,,,,,,,,,,,,,,,,,,,,,,,
209,False,2021-04-20 13:47:00.000,71.33.158.155,CENTURYLINK-US-LEGACY-QWEST,,United States,Colorado,Denver,,,,,,,,,,,,,,,,,,,,,,,,
141039,True,2021-04-20 13:47:00.000,192.145.118.145,Packethub s.a.,,United States,California,Santa Clara,,,,,,,,,,,,,,,,,,,,,,,,
14265,False,2021-05-17 10:10:00.000,23.251.222.58,US-TELEPACIFIC,,United States,California,Sherman Oaks,,,,,,,,,,,,,,,,,,,,,,,,
396513,False,2021-05-17 10:10:00.000,64.171.224.83,COUNTY-OF-FRESNO,,United States,California,Clovis,,,,,,,,,,,,,,,,,,,,,,,,
26919,False,2021-05-17 10:11:00.000,64.52.176.164,ASN-CBCBH,,United States,California,Monrovia,,,,,,,,,,,,,,,,,,,,,,,,
397554,False,2021-05-27 21:14:00.000,23.134.144.254,HAPPYCYCLING,,United States,California,Ukiah,,,,,,,,,,,,,,,,,,,,,,,,
3379,False,2021-05-28 13:47:00.000,162.119.128.140,KAISER-NCAL,,United States,California,Benicia,,,,,,,,,,,,,,,,,,,,,,,,
7155,False,2021-05-30 17:54:00.000,184.21.209.210,VIASAT-SP-BACKBONE,"ViaSat, Inc.",United States,California,Fort Bragg,3,IP address ,,,,,,,,,,,,,,,,,,,,,,
29802,True,2021-06-01 12:43:00.000,45.131.192.251,HVC-AS,VPN-Consumer-US,United States,Texas,Dallas,40,IP address ,,,,,,,updated,,,,,,,,,,,,,,,
6621,False,2021-06-01 13:52:00.000,72.169.96.121,HNS-DIRECPC,,United States,Wisconsin,null,,,,,,,,,,,,,,,,,,,,,,,,
398074,False,2021-06-09 16:10:00.000,8.28.115.20,SN-COLL-DIA,Level 3,United States,California,Los Angeles,0,IP address ,,,,,,,,,,,,,,,,,,,,,,
11188,False,2021-06-15 17:50:00.000,159.83.248.41,LACOUNTY-ISD,County of Los Angeles,United States,California,La Crescenta,0,We consider ,,,,,,,,,,,,,,,,,,,,,,
1906,False,2021-06-16 07:00:00.000,157.127.124.151,NORTHROP-GRUMMAN,Northrop Grumman Corp,United States,California,Los Angeles,0,IP address ,,,,,,,,,,,,,,,,,,,,,,
6167,False,2021-06-16 13:04:00.000,174.241.252.144,CELLCO-PART,Verizon Business,United States,Florida,Valrico,4,IP address ,,,,,,,,,,,,,,,,,,,,,,
11426,False,2021-06-21 23:32:00.000,71.69.231.101,TWC-11426-CAROLINAS,Spectrum,United States,North Carolina,Greensboro,5,IP address ,,,,,,,,,,,,,,,,,,,,,,
30119,False,2021-06-26 21:59:00.000,104.232.82.42,PLUMAS-SIERRA-TELECOMMUNICATIONS,Plumas Sierra Telecommunications,United States,California,Portola,0,IP address ,,,,,,,,,,,,,,,,,,,,,,
4179,False,2021-07-01 07:52:00.000,161.149.63.162,CITY-OF-LA,City of Los Angeles,United States,California,Los Angeles,0,IP address ,,,,,,,,,,,,,,,,,,,,,,
62240,True,2021-07-01 12:02:00.000,91.196.220.33,Clouvider Limited,Packethub S.A,United States,California,Los Angeles,100,We consider ,,,,,,,,,,,,,,,,,,,,,,
40021,True,2021-07-03 06:30:00.000,207.244.249.24,CONTABO,Contabo Inc,United States,Missouri,St Louis,33,IP address ,,,,,,,,,,,,,,,,,,,,,,
13335,False,2021-07-19 14:08:00.000,104.28.24.53,CLOUDFLARENET,Cloudflare,United States,California (District of Columbia),San Diego (Washington D.C.),13,IP address ,,,,,,,,,,,,,,,,,,,,,,
18632,False,2021-07-21 17:48:00.000,104.200.207.155,VOLCANO-VISION,"Volcano Vision, Inc.",United States,California,Pine Grove (Los Angeles),0,IP address ,,,,,,,,,,,,,,,,,,,,,,
133287,True,2021-07-23 10:51:00.000,160.238.72.12,Andhra Pradesh State FiberNet Limited,Andhra Pradesh State FiberNet Limited,India,Andhra Pradesh,Kovvur,1,IP address ,,,,,,,,,,,,,,,,,,,,,,
30036,False,2021-07-27 12:03:00.000,173.24.159.134,MEDIACOM-ENTERPRISE-BUSINESS,Mediacom Communications Corp,United States,California (Missouri),Ridgecrest (Springfield),3,IP address ,,,,,,,,,,,,,,,,,,,,,,
396356,True,2021-07-30 15:05:00.000,136.144.35.151,MAXIHOST,Panq B.V,United States,New York (New Jersey),New York (Shrewsbury),45,IP address ,,,,,,,,,,,,,,,,,,,,,,
20860,True,2021-07-31 23:47:00.000,109.169.23.165,Iomart Cloud Services Limited,Mobiglobe,United Kingdom,England,Maidenhead,0,We consider ,,,,,,,,,,,,,,,,,,,,,,
46749,False,2021-08-06 17:29:00.000,68.65.160.238,STANFORD-INTERNET-ACCESS,Stanford University,United States,California,Palo Alto (Stanford),2,IP address ,,,,,,,,,,,,,,,,,,,,,,
33438,True,2021-08-07 12:12:00.000,216.151.183.117,"HIGHWINDS2 (Strong Technology, LLC.)",Netprotect,United States,California,San Jose,100,We consider ,,,,,,,,,,,,,,,,,,,,,,
18001,True,2021-08-23 02:56:00.000,123.231.124.0,Dialog Axiata PLC.,MTT Network (Pvt) Ltd,Sri Lanka,Colombo District,Malambe,0,IP address ,,,,,,,,,,,,,,,,,,,,,,
2152,False,2021-08-23 14:55:00.000,198.189.251.26,CSUNET-NW,Merced College,United States,California,Merced,8,IP address ,,,,,,,,,,,,,,,,,,,,,,
5384,True,2021-08-30 09:20:00.000,94.59.187.83,Emirates Telecommunications Corporation,Etisalat,United Arab Emirates,Abu Dhabi,Al Ain City,2,IP address ,,,,,,,,,,,,,,,,,,,,,,
33548,False,2021-09-01 17:09:00.000,207.177.144.236,UNWIRED-NOC,Unwired Broadband,United States,California,Madera,7,IP address ,,,,,,,,,,,,,,,,,,,,,,
47054,False,2021-09-07 03:52:00.000,172.83.66.6,JETWASN,"JetWire, INC",United States,California,Thermal (Palm Desert),2,IP address ,,,,,,,,,,,,,,,,,,,,,,
32806,False,2021-09-17 13:37:00.000,184.169.45.4,MARITIME-TELECOMMUNICATIONS-NETWORK,"Row 44, Inc",United States,Nevada,Las Vegas,5,We consider ,,,,,,,,,,,,,,,,,,,,,,
36492,False,2021-09-21 21:35:00.000,209.107.178.174,GOOGLEWIFI,Google LLC,United States,California (District of Columbia),Los Angeles (Washington),0,We consider ,,,,,,,,,,,,,,,,,,,,,,
17488,True,2021-09-23 12:59:00.000,115.98.233.205,Hathway IP Over Cable Internet,Hathway Cable and Datacom Limited,India,Maharashtra,Mumbai,1,IP address ,,,,,,,,,,,,,,,,,,,,,,
22315,False,2021-09-24 13:11:00.000,163.150.137.108,SBCSS,San Bernardino County Superintendent of Schools,United States,California,Rancho Cucamonga,0,IP address ,,,,,,,,,,,,,,,,,,,,,,
139009,True,2021-10-02 00:00:00.000,14.1.103.74,Windstream Communication Limited,Windstream Communication Ltd,Bangladesh,Rajbari (53),Kushtia,0,IP address ,,,,,,,,,,,,,,,,,,,,,,
21003,True,2021-10-05 00:38:00.000,102.164.99.52,General Post and Telecommunication Company,Libyana Mobile Phone Company JSC,Libya,Tripoli,Tripoli,0,We consider ,,,,,,,,,,,,,,,,,,,,,,
40285,False,2021-10-05 17:07:00.000,24.223.89.223,NORTHLAND-CABLE,Northland Cable Television Inc.,United States,California (Illinois),Dunsmuir (Danville),2,IP address ,,,,,,,,,,,,,,,,,,,,,,
19108,False,2021-10-05 20:36:00.000,75.111.6.53,SUDDENLINK-COMMUNICATIONS,Suddenlink Communications,United States,California (Texas),Eureka (Tyler),4,IP address ,,,,,,,,,,,,,,,,,,,,,,
394161,False,2021-10-06 14:18:00.000,209.133.79.113,TESLA,"Tesla, Inc.",United States,California,Fremont,0,We consider ,,,,,,,,,,,,,,,,,,,,,,
11293,False,2021-10-07 10:55:00.000,128.48.95.131,UCOP-ASN,University of California - Office of the President,United States,California,Danville,2,IP address ,,,,,,,,,,,,,,,,,,,,,,
212238,True,2021-10-11 01:32:00.000,37.19.199.195,Datacamp Limited,Cdnext NYC,United States,New York,New York,73,We consider ,,,,,,,,,,,,,,,,,,,,,,
16467,False,2021-10-13 19:29:00.000,64.186.167.50,GEOLINKS-AS,Acer Cloud Technology,United States,California,Fremont,4,IP address ,,,,,,,,,,,,,,,,,,,,,,
36734,False,2021-10-14 12:05:00.000,64.201.241.38,PAXIO-SFBA,Paxio Inc.,United States,California,San Leandro,0,IP address ,,,,,,,,,,,,,,,,,,,,,,
18809,True,2021-10-14 14:22:00.000,190.218.69.226,Cable Onda,Cable Onda,Panama,Provincia de Panama,Panama City,2,IP address ,,,,,,,,,,,,,,,,,,,,,,
23316,False,2021-10-15 08:44:00.000,68.170.68.25,BAI-IP-SERVICES,Bel Air Internet,United States,California,Los Angeles (Marina del Rey),3,IP address ,,,,,,,,,,,,,,,,,,,,,,
29992,False,2021-10-20 16:51:00.000,152.131.10.196,VA-TMP-CORE,Department of Veterans Affairs,United States,California (District of Columbia),El Segundo (Washington D.C.),100,IP address ,,,,,,,,,,,,,,,,,,,,,,
9038,True,2021-10-23 07:47:00.000,37.220.119.232,Batelco Jordan (Umniah Wimax),Umniah Company,Jordan,Amman Governorate,Amman,0,We consider ,,,,,,,,,,,,,,,,,,,,,,
40523,False,2021-10-25 20:22:00.000,172.83.238.213,OACYS-INTERNET,Oacys Technology,United States,California,Visalia,6,IP address ,,,,,,,,,,,,,,,,,,,,,,
395430,False,2021-10-29 16:44:00.000,209.232.103.88,COO (City of Oakland),AT&T Corp.,United States,California,Oakland,0,IP address ,,,,,,,,,,,,,,,,,,,,,,
11620,False,2021-10-30 13:07:00.000,64.57.108.181,SUCCEED-NET,SUCCEED-NET,United States,California,Elverta (Yuba City),7,IP address ,,,,,,,,,,,,,,,,,,,,,,
43350,True,2021-11-01 08:04:00.000,46.166.182.65,NForce Entertainment B.V.,,Netherlands,North Holland,Amsterdam,13,We consider ,,,,,,,,,,,,,,,,,,,,,,
18793,False,2021-11-01 23:02:00.000,208.74.105.105,COM-PAIR-BROADBAND,Com-Pair Services,United States,California,Hayfork,0,We consider ,,,,,,,,,,,,,,,,,,,,,,
29838,False,2021-11-02 20:40:00.000,173.205.179.213,AMC,Atlantic Metro Communications,United States,California,Los Angeles,26,IP address ,,,,,,,,,,,,,,,,,,,,,,
36183,False,2021-11-03 02:48:00.000,172.226.3.178,AKAMAI-AS,iCloud Private Relay,United States,California,Los Angeles,0,We consider ,,,,,,,,,,,,,,,,,,,,,,
396097,False,2021-11-03 23:33:00.000,141.193.140.217,SAIL-INET,"Sail Internet, Inc",United States,California,San Jose,4,IP address ,,,,,,,,,,,,,,,,,,,,,,
54448,False,2021-11-04 18:45:00.000,12.227.98.14,GREENFIELD-COMMUNICATIONS,AT&T Services,United States,California,Sacramento,5,IP address ,,,,,,,,,,,,,,,,,,,,,,
395354,False,2021-11-04 22:49:00.000,8.3.90.106,ASN-STARRY,Level 3,United States,California,Los Angeles,4,IP address ,,,,,,,,,,,,,,,,,,,,,,
52,False,2021-11-06 12:16:00.000,164.67.154.25,UCLA,"University of California, Los Angeles",United States,California,Van Nuys,0,We consider ,,,,,,,,,,,,,,,,,,,,,,
397258,False,2021-11-06 18:10:00.000,50.228.21.60,GTRC-01,"Comcast Cable Communications, LLC",United States,California,Rohnert Park,0,We consider ,,,,,,,,,,,,,,,,,,,,,,
11172,False,2021-11-07 11:47:00.000,189.206.157.203,"Alestra, S. de R.L. de C.V.","Alestra, S. de R.L. de C.V.",Mexico,México (Tabasco),Lerma de Villada,0,We consider ,,,,,,,,,,,,,,,,,,,,,,
31939,False,2021-11-09 14:13:00.000,199.247.118.215,GM-ATL,Fibersphere Communications,United States,California,Beaumont,8,IP address ,,,,,,,,,,,,,,,,,,,,,,
6192,False,2021-11-11 17:40:00.000,168.150.125.71,UCDAVIS-CORE,Davis Community Network,United States,California,Davis,0,IP address ,,,,,,,,,,,,,,,,,,,,,,
701,False,2021-11-12 10:04:00.000,152.179.131.178,UUNET (Verizon Communications),"ANS Communications, Inc",United States,New York (California),The Bronx (San Jose),3,IP address ,,,,,,,,,,,,,,,,,,,,,,
3734,False,2021-11-16 15:46:00.000,205.173.47.253,SCCO,Fremont Union High School District,United States,California,Cupertino (Barton),0,IP address ,,,,,,,,,,,,,,,,,,,,,,
53859,False,2021-11-20 08:33:00.000,216.71.110.6,OPEN5G-ASN,"Open5G, Inc.",United States,California,Atherton,0,IP address ,,,,,,,,,,,,,,,,,,,,,,
27923,False,2021-11-21 08:45:00.000,152.231.15.239,"COMPANIA DE TELEVISION VIA SATELITE, S.A. TEVISAT S.A.",Utila Digital,Honduras,Bay Islands,Utila,0,IP address ,,,,,,,,,,,,,,,,,,,,,,
714,False,2021-11-24 09:45:00.000,17.150.212.148,APPLE-ENGINEERING,Apple Inc,United States,California,Santa Clara (Cupertino),4,IP address ,,,,,,,,,,,,,,,,,,,,,,
6327,False,2021-11-27 21:56:00.000,96.48.74.161,SHAW,Shaw Communications Inc.,Canada,British Columbia,Maple Ridge,5,IP address ,,,,,,,,,,,,,,,,,,,,,,
10796,False,2021-12-02 17:41:00.000,184.59.178.111,TWC-10796-MIDWEST,Spectrum,United States,Ohio,Canton,5,IP address ,,,,,,,,,,,,,,,,,,,,,,
3356,False,2021-12-03 10:52:00.000,4.16.223.2,LEVEL3,LEVEL3,United States,Texas,Houston,1,IP address ,,,,,,,,,,,,,,,,,,,,,,
14750,False,2021-12-04 17:19:00.000,64.118.118.182,SIERRA-TEL-INTERNET,Sierra Tel Internet,United States,California,Mariposa,6,IP address ,,,,,,,,,,,,,,,,,,,,,,
30041,False,2021-12-09 11:46:00.000,64.201.119.191,RACE,"Race Technologies, Inc.",United States,California,Phelan,5,IP address ,,,,,,,,,,,,,,,,,,,,,,
136787,False,2021-12-10 21:07:00.000,185.216.74.183,TEFINCOM S.A.,Packethub S.A,United States,California,Los Angeles,0,We consider ,,,,,,,,,,,,,,,,,,,,,,
27348,False,2021-12-11 10:38:00.000,162.251.184.121,SURFNET-1,"Surfnet Communications, Inc.",United States,California,Los Gatos,0,IP address ,,,,,,,,,,,,,,,,,,,,,,
21,False,2021-12-13 11:36:00.000,130.154.0.250,RAND,The RAND Corporation,United States,California,Los Angeles,0,IP address ,,,,,,,,,,,,,,,,,,,,,,
12217,False,2021-12-15 16:22:00.000,153.2.247.19,UPS,United Parcel Service,United States,New Jersey,Mahwah,0,IP address ,,,,,,,,,,,,,,,,,,,,,,
31764,False,2021-12-23 18:46:00.000,104.192.9.116,OAKLAND-USD-NET,Oakland Unified School District,United States,California,Oakland,0,IP address ,,,,,,,,,,,,,,,,,,,,,,
20135,False,2022-01-03 02:29:00.000,68.71.70.246,MTL-19,Millennium Telcom LLC,United States,Texas,Keller,3,IP address ,,,,,,,,,,,,,,,,,,,,,,
46290,False,2022-01-03 12:54:00.000,140.144.127.16,MTSAC,MtSAC,United States,California,Walnut,0,IP address ,,,,,,,,,,,,,,,,,,,,,,
11325,False,2022-01-04 12:13:00.000,154.17.35.216,AS11325,Altus Communications,United States,District of Columbia,Washinton D.C.,4,IP address ,,,,,,,,,,,,,,,,,,,,,,
396253,False,2022-01-04 20:24:00.000,136.228.253.3,IBOSS-8-ASN,IBOSS,United States,Washington,Seattle,2,IP address ,,,,,,,,,,,,,,,,,,,,,,
46446,False,2022-01-05 01:10:00.000,170.199.222.148,CALTELCOM,California Telecom,United States,California,Long Beach,0,IP address ,,,,,,,,,,,,,,,,,,,,,,
206092,False,2022-01-05 07:23:00.000,173.239.198.145,Ipxo Limited (LogicWeb Inc.),VPN Consumer Network,United States,California,San Jose,50,We consider ,,,,,,,,,,,,,,,,,,,,,,
2711,False,2022-01-05 09:19:00.000,165.166.163.234,SPIRITTEL-AS,Spirit Communications,United States,South Carolina,Columbia,2,IP address ,,,,,,,,,,,,,,,,,,,,,,
39961,False,2022-01-11 09:46:00.000,208.121.5.36,CCSF,San Francisco Department of Telecommunications and Information S,United States,California,San Francisco,0,IP address ,,,,,,,,,,,,,,,,,,,,,,
13999,False,2022-01-13 16:46:00.000,187.244.99.104,"Mega Cable, S.A. de C.V.","Mega Cable, S.A. de C.V.",Mexico,Michoacán,Zamora,1,IP address ,,,,,,,,,,,,,,,,,,,,,,
6614,False,2022-01-16 10:34:00.000,166.181.248.166,USCC-ASN,Service Provider Corporation,United States,Oregon (Illinois),(Chicago),2,IP address ,,,,,,,,,,,,,,,,,,,,,,
28554,False,2022-01-17 14:24:00.000,177.236.52.65,Cablemas Telecomunicaciones SA de CV,Cablemas Telecomunicaciones SA de CV,Mexico,Baja California,Tijuana,2,IP address ,,,,,,,,,,,,,,,,,,,,,,
36599,False,2022-01-18 08:47:00.000,219.100.37.245,SOFTETHER-AMERICA,SoftEther Corporation,Japan,Tokyo,Chiyoda,7,We consider ,,,,,,,,,,,,,,,,,,,,,,
394917,False,2022-01-19 10:05:00.000,165.24.153.157,SDUSD,San Diego Unified School District,United States,California,Lakeside (San Diego),0,IP address ,,,,,,,,,,,,,,,,,,,,,,
11901,False,2022-01-19 10:14:00.000,208.79.246.65,COSWAN,County of Sacramento,United States,California,Sacramento,0,IP address ,,,,,,,,,,,,,,,,,,,,,,
140966,False,2022-01-26 19:01:00.000,103.153.233.165,Pals Network Pvt. Ltd,Pals Network Pvt. Ltd,Nepal,Lumbini Province,Butwāl,0,IP address ,,,,,,,,,,,,,,,,,,,,,,
3320,False,2022-02-05 05:34:00.000,217.251.232.145,Deutsche Telekom AG,Deutsche Telekom AG,Germany,North Rhine-Westphalia,Dortmund,6,IP address ,,,,,,,,,,,,,,,,,,,,,,
63048,False,2022-02-05 05:38:00.000,148.59.161.10,CONFIRE,Confire JPA,United States,California,Redlands,0,IP address ,,,,,,,,,,,,,,,,,,,,,,
22328,False,2022-02-07 18:36:00.000,192.203.204.238,CSHS,Cedars-Sinai Health Systems,United States,California,Los Angeles,0,We consider ,,,,,,,,,,,,,,,,,,,,,,
63365,False,2022-02-08 14:05:00.000,192.82.122.4,TWCS,Spectrum,United States,California,Los Angeles,0,IP address ,,,,,,,,,,,,,,,,,,,,,,
23473,False,2022-02-11 15:45:00.000,153.33.102.26,PAVLOVMEDIA,U Club on 28th,United States,Colorado,Boulder,0,IP address ,,,,,,,,,,,,,,,,,,,,,,
797,False,2022-02-14 13:58:00.000,144.160.96.230,AMERITECH-AS,"AT&T Services, Inc.",United States,Texas,Dallas,5,IP address ,,,,,,,,,,,,,,,,,,,,,,
2642,False,2022-02-14 17:08:00.000,192.234.214.110,LEG-CA-GOV,Office of Legislative Counsel - Legislative Data Center,United States,California,Sacramento,0,IP address ,,,,,,,,,,,,,,,,,,,,,,
32013,False,2022-02-14 23:07:00.000,162.135.0.56,CATHOLIC-HEALTH-CARE-WEST,Dignity Health,United States,California (Arizona),Carmichael (Phoenix),0,IP address ,,,,,,,,,,,,,,,,,,,,,,
32329,False,2022-02-15 17:44:00.000,104.244.24.250,MONKEYBRAINS,MonkeyBrains,United States,California,San Francisco,0,IP address ,,,,,,,,,,,,,,,,,,,,,,
6939,False,2022-02-16 16:17:00.000,65.19.167.154,HURRICANE,Hurricane Electric LLC,United States,California,Emeryville,69,IP address ,,,,,,,,,,,,,,,,,,,,,,
5653,False,2022-02-17 08:03:00.000,128.218.42.172,UCSF,University of California San Francisco,United States,California,San Francisco,0,IP address ,,,,,,,,,,,,,,,,,,,,,,
54115,False,2022-02-19 02:59:00.000,163.114.132.128,FACEBOOK-CORP,Facebook Corp,United States,California (Washington),Menlo Park (Seattle),0,We consider ,,,,,,,,,,,,,,,,,,,,,,
25180,False,2022-02-20 19:49:00.000,167.98.244.75,Exponential-E Ltd.,Exponential-E Ltd,United Kingdom,England,Lee,0,We consider ,,,,,,,,,,,,,,,,,,,,,,
297,False,2022-03-04 09:43:00.000,156.68.72.101,AS297,National Aeronautics and Space Administration,United States,Mississippi (Virgina),Diamondhead (Reston),0,IP address ,,,,,,,,,,,,,,,,,,,,,,
18004,False,2022-03-17 00:36:00.000,114.79.20.197,PT WIRELESS INDONESIA WIN,SMART-TELECOM,Indonesia,Central Java,Dajan Tangluk,1,IP address ,,,,,,,,,,,,,,,,,,,,,,
53828,False,2022-03-30 18:21:00.000,142.44.80.158,NITEL,"NETWORK INNOVATIONS, LLC",United States,Georgia (Illinois),(Chicago),0,IP address ,,,,,,,,,,,,,,,,,,,,,,
299,False,2022-04-01 15:18:00.000,169.234.88.157,UCINET-AS,"University of California, Irvine",United States,California,Irvine,3,IP address ,,,,,,,,,,,,,,,,,,,,,,
27066,False,2022-04-05 00:24:00.000,163.251.239.3,DNIC-ASBLK-27032-27159,Navy Network Information Center,United States (Lesotho),California (Mokhotlong),San Francisco (Mokoeng),0,IP address ,,,,,,,,,,,,,,,,,,,,,,
3389,False,2022-04-07 12:53:00.000,19.12.93.160,FORDSRL-AS,Ford Motor Company,United States,Michigan,Canton,0,IP address ,,,,,,,,,,,,,,,,,,,,,,
22724,False,2022-04-29 12:15:00.000,179.49.41.147,PUNTONET S.A.,Puntonet Cuenca Ftth,Ecuador,Provincia del Azuay,Cuenca,0,We consider ,,,,,,,,,,,,,,,,,,,,,,
6640,False,2022-05-03 21:12:00.000,65.151.183.243,CENTURYLINK-TIER3-CLOUD,"CenturyLink, Inc",United States,California (WASHINTON),Walnut Creek (Tukwila),25,We consider ,,,,,,,,,,,,,,,,,,,,,,
11123,False,2022-05-06 00:37:00.000,206.251.95.7,UIA,"Ultimate Internet Access, Inc",United States,California,Helendale,6,IP address ,,,,,,,,,,,,,,,,,,,,,,
19355,False,2022-05-10 18:12:00.000,199.181.122.2,SMRN-NET,City of South San Francisco,United States,California,San Francisco,0,IP address ,,,,,,,,,,,,,,,,,,,,,,
40244,False,2022-05-12 20:01:00.000,173.233.87.157,TURNKEY-INTERNET,TurnKey Internet Inc.,United States,New York,Latham,100,We consider ,,,,,,,,,,,,,,,,,,,,,,
53825,False,2022-05-19 02:38:00.000,63.241.90.251,ACMC-AS-ALAMEDA COUNTY MEDICAL CENTER,CERFnet,United States,California (Texas),Emeryville (Richardson),0,IP address ,,,,,,,,,,,,,,,,,,,,,,
36103,False,2022-05-20 20:56:00.000,205.197.208.197,CENTRALUTAH,Centracom Interactive,United States,Utah,American Fork,6,IP address ,,,,,,,,,,,,,,,,,,,,,,
11509,False,2022-05-26 10:18:00.000,216.31.132.242,TIERZERO-AS11509,Tier Zero,United States,California,Los Angeles,0,We consider ,,,,,,,,,,,,,,,,,,,,,,
47,False,2022-06-01 15:22:00.000,207.151.52.26,USC-AS,Los Nettos,United States,California,Los Angeles,2,IP address ,,,,,,,,,,,,,,,,,,,,,,
396982,False,2022-06-02 14:23:00.000,208.127.87.87,GOOGLE-CLOUD-PLATFORM,"Palo Alto Networks, Inc",United States,California,Los Angeles,1,IP address ,,,,,,,,,,,,,,,,,,,,,,
6233,False,2022-06-07 06:58:00.000,142.147.89.250,XTOM,Mullvad VPN AB,United States,California,San Jose,0,We consider ,,,,,,,,,,,,,,,,,,,,,,
29930,False,2022-06-07 15:43:00.000,64.17.249.154,TWRS-CBB,Southland Credit Union,United States,California,Beverly Hills,4,IP address ,,,,,,,,,,,,,,,,,,,,,,
2386,False,2022-06-08 11:44:00.000,170.213.19.145,INS-AS,AT&T Data Communications Services,United States,California,San Diego,0,IP address ,,,,,,,,,,,,,,,,,,,,,,
398232,False,2022-06-08 15:13:00.000,74.113.147.133,CONNECTANZA,Anza Electric Cooperative Inc,United States,California,Aguanga,6,IP address ,,,,,,,,,,,,,,,,,,,,,,
396157,False,2022-06-14 01:45:00.000,8.33.138.40,TFS-US-WEST-SV5,Fisher Scientific,United States,Pennsylvania,Pittsburgh,0,We consider ,,,,,,,,,,,,,,,,,,,,,,
131199,False,2022-06-23 04:50:00.000,172.93.132.201,"Nexeon Technologies, Inc.",PacketHub S.A.,United States,Illinois,Mount Prospect,24,IP address ,,,,,,,,,,,,,,,,,,,,,,
48832,False,2022-06-23 23:27:00.000,176.29.249.54,Linkdotnet-Jordan,ZAIN,Jordan,Amman Governorate,Amman,20,IP address ,,,,,,,,,,,,,,,,,,,,,,
33544,False,2022-06-25 19:29:00.000,64.71.31.194,WILINE,WiLine Networks Inc.,United States,California,West Sacramento,11,IP address ,,,,,,,,,,,,,,,,,,,,,,
12158,False,2022-06-27 03:03:00.000,192.84.34.83,ILLUMINA,"ILLUMINA, INC.",United States,California,San Diego,0,IP address ,,,,,,,,,,,,,,,,,,,,,,
63018,False,2022-06-29 15:06:00.000,14.1.29.58,DEDICATED,End of Reality LLC,United States,California,Los Angeles,0,We consider ,,,,,,,,,,,,,,,,,,,,,,
131,False,2022-07-01 13:28:00.000,128.111.173.2,UCSB-NET-AS,"University of California, Santa Barbara",United States,California,Santa Barbara,0,IP address ,,,,,,,,,,,,,,,,,,,,,,
7377,False,2022-07-05 10:37:00.000,128.54.42.70,UCSD,"University of California, San Diego",United States,California,La Jolla,0,IP address ,,,,,,,,,,,,,,,,,,,,,,
33576,False,2022-07-11 17:36:00.000,63.143.124.7,DIG001,Digicel Jamaica,Jamaica,Saint Catherine,Spanish Town,3,IP address ,,,,,,,,,,,,,,,,,,,,,,
396262,False,2022-07-12 13:06:00.000,23.161.128.108,FSO-ASN,Fresno County Sheriff's Office,United States,California,Clovis,0,IP address ,,,,,,,,,,,,,,,,,,,,,,
2920,False,2022-07-12 15:29:00.000,207.31.166.131,LACOE,Baldwin Park Unified School District,United States,California,Hacienda Heights,0,IP address ,,,,,,KS,,,,,,,,,,,,,,,,
33651,False,2022-07-13 12:57:00.000,50.230.161.2,CMCS,"Comcast Cable Communications, LLC",United States,Virginia (California),Alexandria (Santa Clara),4,IP address ,,,,,,KS,,,,,,,,,,,,,,,,
36635,False,2022-07-18 00:21:00.000,209.203.120.74,PECHANGA,Level 3,United States,California,Menifee (Temecula),0,We consider ,,,,,,KS,,,,,,,,,,,,,,,,
5766,False,2022-07-19 09:43:00.000,198.45.3.199,IHS-MD-AS,Indian Health Service,United States,Arizona (New Mexico),Whiteriver (Albuquerque),0,IP address ,,,,,,KS,,,,,,,,,,,,,,,,
13150,False,2022-07-20 09:47:00.000,216.194.106.67,Cato Networks Ltd,Cato Networks,United States,California,Los Angeles,0,IP address ,,,,,,KS,,,,,,,,,,,,,,,,
11061,False,2022-07-23 19:47:00.000,66.102.204.36,ANTEL-NET,Hughes E.C.,United States,California,Lancaster,20,IP address ,,,,,,KS,,,,,,,,,,,,,,,,
394471,False,2022-07-27 11:28:00.000,66.97.187.59,ZP-GU,"ZenPayroll, Inc",United States,Colorado (California),Denver (San Francisco),0,IP address ,,,,,,KS,,,,,,,,,,,,,,,,
26721,False,2022-07-27 18:25:00.000,162.218.238.53,INYO,Inyo Networks,United States,California,Ontario (Rancho Cucamonga),0,IP address ,,,,,,KS,,,,,,,,,,,,,,,,
395116,False,2022-07-28 11:20:00.000,65.248.13.32,AVH-1600-WEST,Verizon Communications,United States,California,Lancaster,0,IP address ,,,,,,KS,,,,,,,,,,,,,,,,
36306,False,2022-07-28 13:11:00.000,96.47.52.141,STANFORD-HOSPITAL,Stanford Hospital and Clinics,United States,California,Palo Alto,0,IP address ,,,,,,KS,,,,,,,,,,,,,,,,
18881,False,2022-07-29 04:04:00.000,187.115.32.97,TELEFONICA BRASIL S.A,Global Village Telecom,Brazil,Parana,Cascavel,1,IP address ,,,,,,KS,,,,,,,,,,,,,,,,
12271,False,2022-08-02 18:21:00.000,98.7.105.0,TWC-12271-NYC,Spectrum,United States,New York,Queens (New York),5,IP address ,,,,,,KS,,,,,,,,,,,,,,,,
21541,False,2022-08-04 15:18:00.000,64.194.162.2,101NETLINK,Level 3,United States,California,Garberville (Whitethorn),0,IP address ,,,,,,KS,,,,,,,,,,,,,,,,
32133,False,2022-08-06 11:22:00.000,64.98.209.179,AS-TING-BACKBONE,Tucows.com Co.,United States,California,Culver City (Fullerton),3,IP address ,,,,,,KS,,,,,,,,,,,,,,,,
17184,False,2022-08-08 09:56:00.000,173.200.69.106,ATL-CBEYOND,"CBEYOND COMMUNICATIONS, LLC",United States,California,Los Angeles,13,IP address ,,,,,,KS,,,,,,,,,,,,,,,,
109,False,2022-08-08 10:32:00.000,128.107.241.163,CISCOSYSTEMS,"Cisco Systems, Inc.",United States,California,San Jose (Del Mar),4,IP address ,,,,,,KS,,,,,,,,,,,,,,,,
14654,False,2022-08-08 10:49:00.000,107.19.36.29,WAYPORT,"Wayport, LLC",United States,California (Texas),Lynwood (Austin),0,We consider ,,,,,,KS,,,,,,,,,,,,,,,,
36926,False,2022-08-10 08:53:00.000,154.152.224.190,CKL1-ASN,,Kenya,Nairobi Province,Nairobi,8,IP address ,,,,,,KS,,,,,,,,,,,,,,,,
56167,False,2022-08-10 19:14:00.000,116.71.4.69,Plot No 181-186 Street,Ufone,Pakistan,Punjab (Islamabad),Multan (Islamabad),0,We consider ,,,,,,KS,,,,,,,,,,,,,,,,
44444,False,2022-08-11 10:32:00.000,208.87.239.180,Forcepoint Cloud Ltd,"SurfControl, Inc.",United States,Texas,Dallas,0,IP address ,,,,,,KS,,,,,,,,,,,,,,,,
10725,False,2022-08-12 17:41:00.000,72.34.128.250,GENENTECH,"Genentech, Inc.",United States,California (Texas),South San Francisco (San Antonio),0,IP address ,,,,,,KS,,,,,,,,,,,,,,,,
399408,False,2022-08-13 00:38:00.000,67.148.60.16,NUBROADWACA (Coaxial Networks Inc),"CenturyLink Communications, LLC",United States,California (Alabama),Sunnyvale (Enterprise),0,IP address ,,,,,,KS,,,,,,,,,,,,,,,,
36912,False,2022-08-16 21:33:00.000,102.244.222.118,ORANGE,Orange Cameroun SA,Cameroon,Littoral,Douala,67,We consider ,,,,,,KS,,,,,,,,,,,,,,,,
26801,False,2022-08-18 15:39:00.000,64.188.176.45,ZITOMEDIA611,zito media,United States,California,Frazier Park,6,IP address ,,,,,,KS,,,,,,,,,,,,,,,,
6739,False,2022-08-18 18:06:00.000,84.120.11.45,"Vodafone Ono, S.A.","Cableuropa - ONO, ONO net in whole Spain",Spain,Alicante,Alicante,3,IP address ,,,,,,KS,,,,,,,,,,,,,,,,
14277,False,2022-08-18 20:45:00.000,64.62.226.18,GIGSTREEM,Hurricane Electric LLC,United States,California,San Diego,0,We consider ,,,,,,KS,,,,,,,,,,,,,,,,
30193,False,2022-08-24 15:23:00.000,204.108.126.212,LAUSD-AS,,United States,California,Los Angeles,,,,,,,,,,,,,,,,,,,,,,,,
12054,False,2022-08-24 16:27:00.000,166.107.82.61,ALAMEDACOUNTYDATAPROCESSING,,United States,California,Dublin,,,,,,,,,,,,,,,,,,,,,,,,
54858,False,2022-08-28 14:56:00.000,172.92.5.122,AS-SBI,,United States,California,Alamo,,,,,,,,,,,,,,,,,,,,,,,,
36012,False,2022-09-01 11:38:00.000,139.60.30.25,HUNTER-COMM,,United States,California,Mount Shasta,,,,,,,,,,,,,,,,,,,,,,,,
1820,False,2022-09-05 16:01:00.000,185.38.210.66,WNET,,United States,New York,New York,,,,,,,,,,,,,,,,,,,,,,,,
16895,False,2022-09-09 21:38:00.000,74.51.153.162,SAN-BRUNO-CABLE,,United States,California,San Bruno,,,,,,,,,,,,,,,,,,,,,,,,
44709,False,2022-09-09 22:29:00.000,5.100.255.63,O.m.c. Computers & Communications Ltd,,Israel,Central District,Rosh Ha‘Ayin,,,,,,,,,,,,,,,,,,,,,,,,
30051,False,2022-09-12 12:50:00.000,146.74.1.39,SCCGOV,,United States,California,San Jose,,,,,,,,,,,,,,,,,,,,,,,,
2013,False,2022-09-17 11:20:00.000,131.89.195.19,PACIFIC-GAS,,United States,California,Brentwood,,,,,,,,,,,,,,,,,,,,,,,,
133480,False,2022-09-18 09:26:00.000,103.108.95.138,Intergrid Group Pty Ltd,,Australia,Queensland,Brisbane,,,,,,,,,,,,,,,,,,,,,,,,
23095,False,2022-09-19 10:39:00.000,199.164.160.254,SHARP,,United States,California,San Diego,,,,,,,,,,,,,,,,,,,,,,,,
10794,False,2022-09-27 09:20:00.000,171.158.162.26,BANKAMERICA,,United States,North Carolina,null,,,,,,,,,,,,,,,,,,,,,,,,
395226,False,2022-09-27 13:04:00.000,206.15.252.30,SACRAMENTO-COE,,United States,California,Sacramento,,,,,,,,,,,,,,,,,,,,,,,,
196,False,2022-09-29 14:18:00.000,130.76.186.11,BOEING196,,United States,California,null,,,,,,,,,,,,,,,,,,,,,,,,
8449,False,2022-09-30 04:31:00.000,212.42.125.50,ElCat Ltd.,,Kyrgyzstan,null,null,,,,,,,,,,,,,,,,,,,,,,,,
7116,False,2022-10-03 15:12:00.000,162.246.77.123,TOYOTA-EXT,,United States,Texas,San Antonio,,,,,,,,,,,,,,,,,,,,,,,,
9299,False,2022-10-03 22:19:00.000,119.93.130.129,Philippine Long Distance Telephone Company,,Philippines,Quezon,Candelaria,,,,,,,,,,,,,,,,,,,,,,,,
394326,False,2022-10-04 16:54:00.000,199.189.31.227,GOLDEN-VALLEY-CABLE,,United States,Arizona,Mohave Valley,,,,,,,,,,,,,,,,,,,,,,,,
62651,False,2022-10-05 00:56:00.000,216.131.81.50,NETPROTECT-62651,,United States,California,Los Angeles,,,,,,,,,,,,,,,,,,,,,,,,
397909,False,2022-10-05 09:15:00.000,207.166.54.97,EGUSD-01,,United States,California,Sacramento,,,,,,,,,,,,,,,,,,,,,,,,
399833,False,2022-10-08 18:11:00.000,104.250.248.83,ROCKYRIDGE-NET,,United States,California,Placerville,,,,,,,,,,,,,,,,,,,,,,,,
53597,False,2022-10-09 07:17:00.000,204.15.110.132,HOYOS-CONSULTING-LLC,,United States,null,null,,,,,,,,,,,,,,,,,,,,,,,,
14593,False,2022-10-09 15:11:00.000,98.97.57.116,SPACEX-STARLINK,,United States,California,Los Angeles,,,,,,,,,,,,,,,,,,,,,,,,
397295,False,2022-10-11 14:22:00.000,199.33.32.40,CITYOFPALOALTO,,United States,California,San Carlos,,,,,,,,,,,,,,,,,,,,,,,,
31984,False,2022-10-12 18:09:00.000,173.222.3.166,ASAVIE-TECHNOLOGIES-INC,,United States,Nevada,Las Vegas,,,,,,,,,,,,,,,,,,,,,,,,
35958,False,2022-10-16 13:05:00.000,199.36.244.14,CCN42,,United States,Nevada,Las Vegas,,,,,,,,,,,,,,,,,,,,,,,,
10294,False,2022-10-18 15:23:00.000,159.115.9.80,CCCD-AS,,United States,California,Santa Ana,,,,,,,,,,,,,,,,,,,,,,,,
147049,False,2022-10-20 08:27:00.000,185.229.59.86,PacketHub S.A.,,United States,Missouri,Kansas City,,,,,,,,,,,,,,,,,,,,,,,,
393262,False,2022-10-20 22:39:00.000,150.252.241.3,TODYL-CLOUD,,United States,California,San Jose,,,,,,,,,,,,,,,,,,,,,,,,
10309,False,2022-10-21 12:35:00.000,199.88.114.102,MARIN-MIDAS,,United States,California,San Rafael,,,,,,,,,,,,,,,,,,,,,,,,
6289,False,2022-10-23 04:06:00.000,207.131.251.20,AHM-CORP,,United States,California,null,,,,,,,,,,,,,,,,,,,,,,,,
398665,False,2022-10-25 12:04:00.000,8.7.17.3,CSBSO,,United States,California,Redlands,,,,,,,,,,,,,,,,,,,,,,,,
14255,False,2022-10-25 14:30:00.000,192.195.154.128,AS-USD,,United States,California,San Diego,,,,,,,,,,,,,,,,,,,,,,,,
32480,False,2022-10-26 20:44:00.000,151.112.29.162,LLUMC,,United States,California,Banning,,,,,,,,,,,,,,,,,,,,,,,,
396201,False,2022-10-27 10:50:00.000,198.245.232.33,CCCAS1,,United States,California,Pittsburg,,,,,,,,,,,,,,,,,,,,,,,,
30679,False,2022-11-02 16:48:00.000,134.71.249.157,CPPNET,,United States,California,Pomona,,,,,,,,,,,,,,,,,,,,,,,,
53667,False,2022-11-03 20:25:00.000,205.185.125.137,PONYNET,,United States,Nevada,Las Vegas,,,,,,,,,,,,,,,,,,,,,,,,
38457,False,2022-11-06 09:46:00.000,120.88.34.92,Honesty Net Solution I Pvt Ltd,,India,Maharashtra,Mumbai,,,,,,,,,,,,,,,,,,,,,,,,
7385,False,2022-11-10 08:16:00.000,207.173.22.39,ABUL-14-7385,,United States,Oregon,Beaverton,,,,,,,,,,,,,,,,,,,,,,,,
2828,False,2022-11-11 08:48:00.000,206.181.83.18,XO-AS15,,United States,null,null,,,,,,,,,,,,,,,,,,,,,,,,
16504,False,2022-11-15 09:59:00.000,134.204.95.130,GRANITE,,United States,California,San Diego,,,,,,,,,,,,,,,,,,,,,,,,
19551,False,2022-11-16 16:40:00.000,198.143.34.220,INCAPSULA,,United States,California,San Jose,,,,,,,,,,,,,,,,,,,,,,,,
25671,False,2022-12-01 17:04:00.000,208.79.104.72,AIRENET-NUEVO-CA,,United States,California,Perris,,,,,,,,,,,,,,,,,,,,,,,,
25932,False,2022-12-01 20:14:00.000,204.128.192.34,DWSI,,United States,null,null,,,,,,,,,,,,,,,,,,,,,,,,
46887,False,2022-12-02 16:42:00.000,209.160.253.66,LIGHTOWER,,United States,California,Los Angeles,,,,,,,,,,,,,,,,,,,,,,,,
19913,False,2022-12-06 20:38:00.000,23.139.192.122,AS-WPNP,,United States,California,Brawley,,,,,,,,,,,,,,,,,,,,,,,,
46256,False,2022-12-08 13:40:00.000,198.217.64.86,SUTTERHEALTH,,United States,California,San Francisco,,,,,,,,,,,,,,,,,,,,,,,,
7552,False,2022-12-11 18:56:00.000,115.73.218.216,Viettel Group,,Vietnam,Ho Chi Minh,Ho Chi Minh City,,,,,,,,,,,,,,,,,,,,,,,,
17406,False,2022-12-19 12:44:00.000,63.114.195.253,PSCU-NET1,,United States,Florida,Clearwater,,,,,,,,,,,,,,,,,,,,,,,,
32,False,2022-12-20 16:06:00.000,171.66.12.139,STANFORD,,United States,California,Stanford,,,,,,,,,,,,,,,,,,,,,,,,
4181,False,2022-12-23 05:56:00.000,69.21.45.75,TDS-AS,,United States,California,Winterhaven,,,,,,,,,,,,,,,,,,,,,,,,
53249,False,2022-12-28 15:45:00.000,198.140.114.253,LAWA-AS,,United States,California,Los Angeles,,,,,,,,,,,,,,,,,,,,,,,,
11352,False,2022-12-31 08:30:00.000,75.98.208.21,IOMAR-11352,,United States,California,Fresno,,,,,,,,,,,,,,,,,,,,,,,,
16814,False,2023-01-01 23:33:00.000,200.123.141.71,NSS S.A.,,Argentina,null,null,,,,,,,,,,,,,,,,,,,,,,,,
399705,False,2023-01-05 08:32:00.000,71.94.39.219,ADVANCED-IS-NET1,,United States,California,Morgan Hill,,,,,,,,,,,,,,,,,,,,,,,,
3826,False,2023-01-05 16:37:00.000,167.187.101.175,HILTON-C,,United States,null,null,,,,,,,,,,,,,,,,,,,,,,,,
22787,False,2023-01-09 11:42:00.000,134.242.136.12,ARRIS,,United States,California,Fremont,,,,,,,,,,,,,,,,,,,,,,,,
398963,False,2023-01-11 10:12:00.000,205.154.150.213,LBUSD-PUBLIC-IP,,United States,California,Long Beach,,,,,,,,,,,,,,,,,,,,,,,,
397679,False,2023-01-11 17:44:00.000,70.32.172.13,FOX-CORP-AS1,,United States,California,Los Angeles,,,,,,,,,,,,,,,,,,,,,,,,
62642,False,2023-01-12 08:11:00.000,167.224.97.114,BIGLEAF,,United States,California,Los Angeles,,,,,,,,,,,,,,,,,,,,,,,,
18558,False,2023-01-13 11:16:00.000,204.100.156.63,NETBLK-RCOEK,,United States,California,Riverside,,,,,,,,,,,,,,,,,,,,,,,,
26611,False,2023-01-14 19:13:00.000,191.156.56.17,COMCEL S.A.,,Colombia,Bogota D.C.,Bogotá,,,,,,,,,,,,,,,,,,,,,,,,
30986,False,2023-01-15 07:29:00.000,154.160.20.205,SCANCOM,,Ghana,Greater Accra Region,Accra,,,,,,,,,,,,,,,,,,,,,,,,
36384,False,2023-01-18 09:25:00.000,104.133.36.101,GOOGLE-IT,,United States,California,Mountain View,,,,,,,,,,,,,,,,,,,,,,,,
26034,False,2023-01-18 12:13:00.000,205.174.22.25,ASN-DELTA-OUT,,United States,Georgia,Atlanta,,,,,,,,,,,,,,,,,,,,,,,,
21557,False,2023-01-25 11:26:00.000,162.219.202.194,CYB-BLK-1,,United States,California,Los Angeles,,,,,,,,,,,,,,,,,,,,,,,,
16582,False,2023-01-25 17:49:00.000,207.7.97.229,NEXTLEVELINTERNET,,United States,California,San Diego,,,,,,,,,,,,,,,,,,,,,,,,
3147,False,2023-01-26 17:41:00.000,170.135.176.108,US-BANCORP,,United States,null,null,,,,,,,,,,,,,,,,,,,,,,,,
33667,False,2023-01-30 11:00:00.000,50.229.136.132,CMCS,,United States,California,Patterson,,,,,,,,,,,,,,,,,,,,,,,,
396123,False,2023-01-31 12:48:00.000,38.105.18.202,WAVEBAND-LLC,,United States,California,San Diego,,,,,,,,,,,,,,,,,,,,,,,,
137409,False,2023-01-31 17:01:00.000,203.10.97.85,GSL Networks Pty LTD,,United States,California,Los Angeles,,,,,,,,,,,,,,,,,,,,,,,,
23024,False,2023-01-31 17:20:00.000,216.100.93.230,OCDE,,United States,California,Santa Ana,,,,,,,,,,,,,,,,,,,,,,,,
54113,False,2023-02-04 14:04:00.000,146.75.146.0,FASTLY,,United States,California,Tustin,,,,,,,,,,,,,,,,,,,,,,,,
46687,False,2023-02-04 19:03:00.000,24.233.238.27,MAXXSOUTH-BROADBAND,,United States,Mississippi,Starkville,,,,,,,,,,,,,,,,,,,,,,,,
36692,False,2023-02-06 12:28:00.000,155.190.2.31,OPENDNS,,United States,Minnesota,Savage,,,,,,,,,,,,,,,,,,,,,,,,
54203,False,2023-02-09 15:08:00.000,216.151.183.142,NETPROTECT-SP,,United States,California,San Jose,,,,,,,,,,,,,,,,,,,,,,,,
11668,False,2023-02-13 15:44:00.000,216.115.249.232,WCI-NET,,United States,California,Laguna Woods,,,,,,,,,,,,,,,,,,,,,,,,
26375,False,2023-02-14 14:14:00.000,8.46.200.194,AIRESPRING,,United States,California,Coachella,,,,,,,,,,,,,,,,,,,,,,,,
25649,False,2023-02-21 17:00:00.000,143.55.86.39,AYERA-AS,,United States,California,Oakdale,,,,,,,,,,,,,,,,,,,,,,,,
40866,False,2023-02-26 21:29:00.000,8.4.122.112,MYSERVER-DOT-ORG,,United States,California,Vista,,,,,,,,,,,,,,,,,,,,,,,,
1239,False,2023-02-27 10:40:00.000,205.241.51.77,SPRINTLINK,,United States,null,null,,,,,,,,,,,,,,,,,,,,,,,,
14898,False,2023-02-27 16:20:00.000,205.157.110.8,ODINTERNET,,United States,Florida,Boca Raton,,,,,,,,,,,,,,,,,,,,,,,,
18522,False,2023-02-28 02:53:00.000,168.182.31.12,YUMBRANDS,,United States,California,Ladera Ranch,,,,,,,,,,,,,,,,,,,,,,,,
204957,False,2023-03-01 02:56:00.000,154.7.199.189,Green Floid LLC,,United States,New York,New York,,,,,,,,,,,,,,,,,,,,,,,,
3236,False,2023-03-01 08:38:00.000,91.232.29.29,Server.ua LLC,,Ukraine,Mykolaiv,Mykolayiv,,,,,,,,,,,,,,,,,,,,,,,,
35986,False,2023-03-01 10:13:00.000,64.234.44.231,VYVE-BROADBAND,,United States,California,Dunsmuir,,,,,,,,,,,,,,,,,,,,,,,,
19739,False,2023-03-01 11:38:00.000,170.164.239.9,COUNTY-SANBERNARDINO,,United States,California,Fontana,,,,,,,,,,,,,,,,,,,,,,,,
8560,False,2023-03-01 18:00:00.000,74.208.179.226,IONOS SE,,United States,New York,New York,,,,,,,,,,,,,,,,,,,,,,,,
18663,False,2023-03-03 16:13:00.000,138.9.93.119,UOP-AS,,United States,California,Stockton,,,,,,,,,,,,,,,,,,,,,,,,
205467,False,2023-03-05 07:56:00.000,81.171.62.113,Base IP B.V.,,Netherlands,null,null,,,,,,,,,,,,,,,,,,,,,,,,
11766,False,2023-03-06 15:15:00.000,216.23.222.36,MERIPLEX-1-AS,,United States,Texas,Arlington,,,,,,,,,,,,,,,,,,,,,,,,
30860,False,2023-03-09 09:38:00.000,176.119.25.117,Virtual Systems LLC,,Ukraine,Kyiv City,Kyiv,,,,,,,,,,,,,,,,,,,,,,,,
39351,False,2023-03-09 11:39:00.000,185.195.232.137,31173 Services AB,,United Kingdom,England,London,,,,,,,,,,,,,,,,,,,,,,,,
40232,False,2023-03-09 22:09:00.000,204.48.102.248,MIDSTATES-WIRELESS,,United States,Missouri,Princeton,,,,,,,,,,,,,,,,,,,,,,,,
13427,False,2023-03-11 09:42:00.000,173.243.71.10,SOFTCOM,,United States,California,Herald,,,,,,,,,,,,,,,,,,,,,,,,
2527,False,2023-03-12 03:03:00.000,160.86.142.10,Sony Network Communications Inc.,,Japan,Kyoto,Kyoto,,,,,,,,,,,,,,,,,,,,,,,,
395215,False,2023-03-14 15:33:00.000,12.157.107.209,SAN-JOAQUIN-COUNTY,,United States,California,Stockton,,,,,,,,,,,,,,,,,,,,,,,,
50525,False,2023-03-17 05:47:00.000,91.148.233.95,Privado Networks AG,,Netherlands,null,null,,,,,,,,,,,,,,,,,,,,,,,,
7029,False,2023-03-17 11:29:00.000,74.11.114.33,WINDSTREAM,,United States,Florida,Tamarac,,,,,,,,,,,,,,,,,,,,,,,,
62887,False,2023-03-19 15:21:00.000,104.222.30.201,WHITESKY-COMMUNICATIONS,,United States,California,San Diego,,,,,,,,,,,,,,,,,,,,,,,,
23005,False,2023-03-20 09:54:00.000,156.20.174.252,SWITCH-LTD,,United States,null,null,,,,,,,,,,,,,,,,,,,,,,,,
22135,False,2023-03-20 14:21:00.000,173.242.15.200,SKECHERS-USA,,United States,California,Riverside,,,,,,,,,,,,,,,,,,,,,,,,
21694,False,2023-03-21 12:54:00.000,206.78.213.90,FRESNOCOE,,United States,California,Fresno,,,,,,,,,,,,,,,,,,,,,,,,
21708,False,2023-03-22 08:50:00.000,209.66.198.38,SDCOE,,United States,California,Vista,,,,,,,,,,,,,,,,,,,,,,,,
27271,False,2023-03-22 23:06:00.000,63.241.166.10,URNA-1,,United States,Texas,Katy,,,,,,,,,,,,,,,,,,,,,,,,
36114,False,2023-03-26 06:51:00.000,76.164.202.184,VERSAWEB-ASN,,United States,Nevada,Las Vegas,,,,,,,,,,,,,,,,,,,,,,,,
27468,False,2023-03-30 11:54:00.000,65.214.155.2,GOODWILL-INDUSTRIES-OF-ORANGE-COUNTY,,United States,California,La Palma,,,,,,,,,,,,,,,,,,,,,,,,
3659,False,2023-04-05 01:37:00.000,134.173.248.6,CLAREMONT,,United States,California,Claremont,,,,,,,,,,,,,,,,,,,,,,,,
6106,False,2023-04-05 14:35:00.000,138.23.187.112,UCR-EDU,,United States,California,Riverside,,,,,,,,,,,,,,,,,,,,,,,,
57976,False,2023-04-07 10:17:00.000,198.74.33.33,"Blizzard Entertainment, Inc",,United States,California,Venice,,,,,,,,,,,,,,,,,,,,,,,,
13778,False,2023-04-10 09:23:00.000,199.65.64.8,JOHNSON-AND-JOHNSON,,United States,California,Trabuco Canyon,,,,,,,,,,,,,,,,,,,,,,,,
6461,False,2023-04-11 10:44:00.000,208.185.26.131,ZAYO-6461,,United States,California,Bakersfield,,,,,,,,,,,,,,,,,,,,,,,,
25632,False,2023-04-12 12:03:00.000,12.228.186.202,NORTHBAYHEALTHCARECORP,,United States,California,Vacaville,,,,,,,,,,,,,,,,,,,,,,,,
55286,False,2023-04-13 19:55:00.000,50.114.67.136,SERVER-MANIA,,United States,null,null,,,,,,,,,,,,,,,,,,,,,,,,
46864,False,2023-04-17 12:28:00.000,173.226.103.219,WORKD-IT,,United States,California,Pleasanton,,,,,,,,,,,,,,,,,,,,,,,,
23000,False,2023-04-19 13:44:00.000,209.77.178.36,WESCOM,,United States,California,Los Angeles,,,,,,,,,,,,,,,,,,,,,,,,
14565,False,2023-04-20 23:07:00.000,170.76.239.156,RRTL-3719,,United States,null,null,,,,,,,,,,,,,,,,,,,,,,,,
46,False,2023-04-26 12:51:00.000,128.6.37.168,RUTGERS,,United States,New Jersey,Piscataway,,,,,,,,,,,,,,,,,,,,,,,,
32123,False,2023-04-28 14:15:00.000,162.254.180.172,4FAST-NET,,United States,California,Montague,,,,,,,,,,,,,,,,,,,,,,,,
26403,False,2023-05-04 08:00:00.000,206.78.115.20,MADERACOE,,United States,California,Madera,,,,,,,,,,,,,,,,,,,,,,,,
11427,False,2023-05-09 08:27:00.000,24.175.204.215,TWC-11427-TEXAS,,United States,Texas,El Paso,,,,,,,,,,,,,,,,,,,,,,,,
6057,False,2023-05-09 12:17:00.000,179.28.155.27,Administracion Nacional de Telecomunicaciones,,Uruguay,Montevideo Department,Montevideo,,,,,,,,,,,,,,,,,,,,,,,,
32933,False,2023-05-10 11:29:00.000,47.45.44.247,CERES-UNIFIED-SCHOOL-DISTRICT,,United States,California,Denair,,,,,,,,,,,,,,,,,,,,,,,,
46196,False,2023-05-12 13:30:00.000,158.61.6.7,RCIT-CORNET,,United States,California,Riverside,,,,,,,,,,,,,,,,,,,,,,,,
11687,False,2023-05-12 21:54:00.000,151.152.143.11,CITY-OF-HOPE,,United States,California,Alhambra,,,,,,,,,,,,,,,,,,,,,,,,
29863,False,2023-05-14 13:12:00.000,208.42.229.146,DATABANK-LATISYS,,United States,null,null,,,,,,,,,,,,,,,,,,,,,,,,
4466,False,2023-05-15 06:47:00.000,32.65.202.223,EASYLINK2,,United States,Idaho,Caldwell,,,,,,,,,,,,,,,,,,,,,,,,
2894,False,2023-05-16 08:46:00.000,136.200.53.19,CALIF-DWR,,United States,California,Sacramento,,,,,,,,,,,,,,,,,,,,,,,,
398844,False,2023-05-17 06:54:00.000,68.169.241.50,COMELEC-DUB-01,,United States,Iowa,Sherrill,,,,,,,,,,,,,,,,,,,,,,,,
32945,False,2023-05-17 18:07:00.000,38.75.18.245,TECONECTAMOS,,United States,California,Sylmar,,,,,,,,,,,,,,,,,,,,,,,,
400391,False,2023-05-17 21:08:00.000,38.56.146.21,WGL-107-PACIFIC-WYYERD,,United States,California,National City,,,,,,,,,,,,,,,,,,,,,,,,
32000,False,2023-05-19 15:01:00.000,148.59.246.193,AS32000,,United States,California,Alturas,,,,,,,,,,,,,,,,,,,,,,,,
17378,False,2023-05-22 09:14:00.000,207.210.222.70,AS17378,,United States,null,null,,,,,,,,,,,,,,,,,,,,,,,,
54706,False,2023-05-22 13:02:00.000,69.12.49.66,ZTELCO,,United States,California,Escondido,,,,,,,,,,,,,,,,,,,,,,,,
3303,False,2023-05-24 03:58:00.000,83.173.237.234,Bluewin,,Switzerland,Zug,Zug,,,,,,,,,,,,,,,,,,,,,,,,
22226,False,2023-05-24 10:44:00.000,156.1.40.31,SFUSD,,United States,California,San Francisco,,,,,,,,,,,,,,,,,,,,,,,,
393833,False,2023-05-24 11:14:00.000,192.188.8.63,OUTBACKINTERNET,,United States,California,Paso Robles,,,,,,,,,,,,,,,,,,,,,,,,
15130,False,2023-05-28 10:17:00.000,149.101.180.122,USDOJ-GOV,,United States,null,null,,,,,,,,,,,,,,,,,,,,,,,,
46292,False,2023-05-29 13:43:00.000,142.202.76.163,MOJAVEWIFI-COM-CA-1,,United States,California,Yucca Valley,,,,,,,,,,,,,,,,,,,,,,,,
30083,False,2023-05-29 23:48:00.000,148.72.170.196,AS-30083-GO-DADDY-COM-LLC,,United States,Missouri,St Louis,,,,,,,,,,,,,,,,,,,,,,,,
